code,system
djz..,readv2
djy..,readv2
dj1..,readv2
dibo.,readv2
diap.,readv2
dica.,readv2
dicN.,readv2
dibn.,readv2
dibK.,readv2
dibJ.,readv2
dibG.,readv2
dibu.,readv2
dicY.,readv2
dic3.,readv2
dic4.,readv2
dia1.,readv2
dian.,readv2
diaU.,readv2
diaI.,readv2
dia3.,readv2
dia2.,readv2
diaq.,readv2
djh..,readv2
dj6..,readv2
a811.,readv2
a813.,readv2
a812.,readv2
a81..,readv2
o49..,readv2
dj9..,readv2
djj..,readv2
dibz.,readv2
dibS.,readv2
djB..,readv2
o4d..,readv2
o42..,readv2
o4e..,readv2
diam.,readv2
diaL.,readv2
diaJ.,readv2
djk..,readv2
djm..,readv2
djg..,readv2
o4c..,readv2
dl1a.,readv2
dl13.,readv2
dicO.,readv2
dibv.,readv2
dibw.,readv2
diaT.,readv2
dl14.,readv2
dl15.,readv2
djf..,readv2
dicJ.,readv2
dicK.,readv2
dl19.,readv2
dl12.,readv2
djc..,readv2
dj7..,readv2
dj2..,readv2
dj4..,readv2
o46..,readv2
o48..,readv2
o45..,readv2
dia6.,readv2
dia7.,readv2
o47..,readv2
dje..,readv2
dibD.,readv2
j28V.,readv2
j28O.,readv2
j28z.,readv2
j2pT.,readv2
djA..,readv2
dji..,readv2
djd..,readv2
dibR.,readv2
dl11.,readv2
dl18.,readv2
dj5..,readv2
djb..,readv2
o44..,readv2
o41..,readv2
dib3.,readv2
dj8..,readv2
dja..,readv2
dj3..,readv2
dibt.,readv2
diao.,readv2